{"cameraMode":{"drawMode":0,"name":"Shaded","section":"Shading Mode"},"sceneLighting":true,"audioPlay":false,"sceneViewState":{"showFog":false,"showMaterialUpdate":false,"showSkybox":false,"showFlares":false,"showImageEffects":false,"showParticleSystems":false},"in2DMode":false,"pivot":{"x":356.4249572753906,"y":-93.55911254882813,"z":283.2991027832031},"rotation":{"x":-0.20855484902858735,"y":-0.49093297123908999,"z":0.12241004407405853,"w":-0.8370990753173828},"size":509.42266845703127,"orthographic":false}